cg,Symbol,MGP ID,Entrez Gene ID,Gene name,pathway_name,geneSymbol_link,UCSC_RefGene_Group,UCSC_CpG_Islands_Name,Relation_to_UCSC_CpG_Island,Regulatory_Feature_Name,Regulatory_Feature_Group
cg00553200,RENBP,MGP002608,5973,renin binding protein,Amino Sugar Metabolism,http://www.genenames.org/cgi-bin/gene_symbol_report?match=RENBP,TSS200,,,X:153209921-153210340,Unclassified
cg01856640,RENBP,MGP002608,5973,renin binding protein,Amino Sugar Metabolism,http://www.genenames.org/cgi-bin/gene_symbol_report?match=RENBP,Body,chrX:153199952-153200924,S_Shelf,,
cg05148324,RENBP,MGP002608,5973,renin binding protein,Amino Sugar Metabolism,http://www.genenames.org/cgi-bin/gene_symbol_report?match=RENBP,TSS1500,,,,
cg16772022,RENBP,MGP002608,5973,renin binding protein,Amino Sugar Metabolism,http://www.genenames.org/cgi-bin/gene_symbol_report?match=RENBP,TSS1500,,,,
cg23282949,RENBP,MGP002608,5973,renin binding protein,Amino Sugar Metabolism,http://www.genenames.org/cgi-bin/gene_symbol_report?match=RENBP,TSS1500,,,,
cg00596686,STS,MGP000217,412,"steroid sulfatase (microsomal), isozyme S",Androgen and Estrogen Metabolism,http://www.genenames.org/cgi-bin/gene_symbol_report?match=STS,TSS200,,,,
cg10073470,STS,MGP000217,412,"steroid sulfatase (microsomal), isozyme S",Androgen and Estrogen Metabolism,http://www.genenames.org/cgi-bin/gene_symbol_report?match=STS,3'UTR,,,,
cg10985228,STS,MGP000217,412,"steroid sulfatase (microsomal), isozyme S",Androgen and Estrogen Metabolism,http://www.genenames.org/cgi-bin/gene_symbol_report?match=STS,TSS1500,,,,
cg11640565,STS,MGP000217,412,"steroid sulfatase (microsomal), isozyme S",Androgen and Estrogen Metabolism,http://www.genenames.org/cgi-bin/gene_symbol_report?match=STS,Body,,,,
cg15027721,STS,MGP000217,412,"steroid sulfatase (microsomal), isozyme S",Androgen and Estrogen Metabolism,http://www.genenames.org/cgi-bin/gene_symbol_report?match=STS,TSS200,,,,
cg16232809,STS,MGP000217,412,"steroid sulfatase (microsomal), isozyme S",Androgen and Estrogen Metabolism,http://www.genenames.org/cgi-bin/gene_symbol_report?match=STS,TSS1500,,,,
cg25700851,STS,MGP000217,412,"steroid sulfatase (microsomal), isozyme S",Androgen and Estrogen Metabolism,http://www.genenames.org/cgi-bin/gene_symbol_report?match=STS,Body,,,,
cg04243127,OTC,MGP002176,5009,ornithine carbamoyltransferase,Arginine and Proline Metabolism,http://www.genenames.org/cgi-bin/gene_symbol_report?match=OTC,TSS1500,,,,
cg10537079,OTC,MGP002176,5009,ornithine carbamoyltransferase,Arginine and Proline Metabolism,http://www.genenames.org/cgi-bin/gene_symbol_report?match=OTC,TSS200,,,,
cg12497728,OTC,MGP002176,5009,ornithine carbamoyltransferase,Arginine and Proline Metabolism,http://www.genenames.org/cgi-bin/gene_symbol_report?match=OTC,Body,,,,
cg13195463,OTC,MGP002176,5009,ornithine carbamoyltransferase,Arginine and Proline Metabolism,http://www.genenames.org/cgi-bin/gene_symbol_report?match=OTC,Body,,,,
cg23140159,OTC,MGP002176,5009,ornithine carbamoyltransferase,Arginine and Proline Metabolism,http://www.genenames.org/cgi-bin/gene_symbol_report?match=OTC,3'UTR,,,,
cg27050343,OTC,MGP002176,5009,ornithine carbamoyltransferase,Arginine and Proline Metabolism,http://www.genenames.org/cgi-bin/gene_symbol_report?match=OTC,TSS200,,,,
cg00769799,HPRT1,MGP001495,3251,hypoxanthine phosphoribosyltransferase 1,Azathioprine Action Pathway,http://www.genenames.org/cgi-bin/gene_symbol_report?match=HPRT1,TSS200,chrX:133594203-133594828,N_Shore,X:133593729-133594554,Promoter_Associated
cg02264284,HPRT1,MGP001495,3251,hypoxanthine phosphoribosyltransferase 1,Azathioprine Action Pathway,http://www.genenames.org/cgi-bin/gene_symbol_report?match=HPRT1,Body,chrX:133594203-133594828,S_Shore,X:133594775-133595200,NonGene_Associated
cg03523199,HPRT1,MGP001495,3251,hypoxanthine phosphoribosyltransferase 1,Azathioprine Action Pathway,http://www.genenames.org/cgi-bin/gene_symbol_report?match=HPRT1,TSS1500,chrX:133594203-133594828,N_Shore,X:133593729-133594554,Promoter_Associated
cg05630320,HPRT1,MGP001495,3251,hypoxanthine phosphoribosyltransferase 1,Azathioprine Action Pathway,http://www.genenames.org/cgi-bin/gene_symbol_report?match=HPRT1,TSS200,chrX:133594203-133594828,N_Shore,X:133593729-133594554,Promoter_Associated
cg09996779,HPRT1,MGP001495,3251,hypoxanthine phosphoribosyltransferase 1,Azathioprine Action Pathway,http://www.genenames.org/cgi-bin/gene_symbol_report?match=HPRT1,TSS200,chrX:133594203-133594828,N_Shore,X:133593729-133594554,Promoter_Associated
cg10256662,HPRT1,MGP001495,3251,hypoxanthine phosphoribosyltransferase 1,Azathioprine Action Pathway,http://www.genenames.org/cgi-bin/gene_symbol_report?match=HPRT1,Body,chrX:133594203-133594828,Island,X:133594775-133595200,NonGene_Associated
cg10584819,HPRT1,MGP001495,3251,hypoxanthine phosphoribosyltransferase 1,Azathioprine Action Pathway,http://www.genenames.org/cgi-bin/gene_symbol_report?match=HPRT1,TSS1500,chrX:133594203-133594828,N_Shore,,
cg15075851,HPRT1,MGP001495,3251,hypoxanthine phosphoribosyltransferase 1,Azathioprine Action Pathway,http://www.genenames.org/cgi-bin/gene_symbol_report?match=HPRT1,TSS1500,chrX:133594203-133594828,N_Shore,X:133593729-133594554,Promoter_Associated
cg16170944,HPRT1,MGP001495,3251,hypoxanthine phosphoribosyltransferase 1,Azathioprine Action Pathway,http://www.genenames.org/cgi-bin/gene_symbol_report?match=HPRT1,TSS200,chrX:133594203-133594828,N_Shore,X:133593729-133594554,Promoter_Associated
cg02772106,ABCD1,MGP000115,215,"ATP-binding cassette, sub-family D (ALD), member 1",Beta Oxidation of Very Long Chain Fatty Acids,http://www.genenames.org/cgi-bin/gene_symbol_report?match=ABCD1,Body,chrX:152988874-152991719,S_Shore,X:152991526-152993092,Promoter_Associated
cg22534545,ABCD1,MGP000115,215,"ATP-binding cassette, sub-family D (ALD), member 1",Beta Oxidation of Very Long Chain Fatty Acids,http://www.genenames.org/cgi-bin/gene_symbol_report?match=ABCD1,Body,chrX:152988874-152991719,S_Shelf,,
cg27024381,ABCD1,MGP000115,215,"ATP-binding cassette, sub-family D (ALD), member 1",Beta Oxidation of Very Long Chain Fatty Acids,http://www.genenames.org/cgi-bin/gene_symbol_report?match=ABCD1,3'UTR,,,X:153009938-153010195,Unclassified_Cell_type_specific
cg00763725,TMLHE,MGP005398,55217,"trimethyllysine hydroxylase, epsilon",Carnitine Synthesis,http://www.genenames.org/cgi-bin/gene_symbol_report?match=TMLHE,TSS200,chrX:154842112-154842719,Island,X:154842001-154842828,Promoter_Associated_Cell_type_specific
cg05682970,TMLHE,MGP005398,55217,"trimethyllysine hydroxylase, epsilon",Carnitine Synthesis,http://www.genenames.org/cgi-bin/gene_symbol_report?match=TMLHE,5'UTR,chrX:154842112-154842719,N_Shelf,,
cg07311845,TMLHE,MGP005398,55217,"trimethyllysine hydroxylase, epsilon",Carnitine Synthesis,http://www.genenames.org/cgi-bin/gene_symbol_report?match=TMLHE,TSS200,chrX:154842112-154842719,S_Shore,X:154842001-154842828,Promoter_Associated_Cell_type_specific
cg09975171,TMLHE,MGP005398,55217,"trimethyllysine hydroxylase, epsilon",Carnitine Synthesis,http://www.genenames.org/cgi-bin/gene_symbol_report?match=TMLHE,TSS1500,chrX:154842112-154842719,S_Shore,,
cg12115116,TMLHE,MGP005398,55217,"trimethyllysine hydroxylase, epsilon",Carnitine Synthesis,http://www.genenames.org/cgi-bin/gene_symbol_report?match=TMLHE,TSS1500,chrX:154842112-154842719,S_Shore,,
cg12403148,TMLHE,MGP005398,55217,"trimethyllysine hydroxylase, epsilon",Carnitine Synthesis,http://www.genenames.org/cgi-bin/gene_symbol_report?match=TMLHE,TSS200,chrX:154842112-154842719,Island,X:154842001-154842828,Promoter_Associated_Cell_type_specific
cg12830022,TMLHE,MGP005398,55217,"trimethyllysine hydroxylase, epsilon",Carnitine Synthesis,http://www.genenames.org/cgi-bin/gene_symbol_report?match=TMLHE,TSS1500,chrX:154842112-154842719,S_Shore,,
cg16428758,TMLHE,MGP005398,55217,"trimethyllysine hydroxylase, epsilon",Carnitine Synthesis,http://www.genenames.org/cgi-bin/gene_symbol_report?match=TMLHE,Body,,,,
cg18778986,TMLHE,MGP005398,55217,"trimethyllysine hydroxylase, epsilon",Carnitine Synthesis,http://www.genenames.org/cgi-bin/gene_symbol_report?match=TMLHE,5'UTR,chrX:154842112-154842719,N_Shore,X:154842001-154842828,Promoter_Associated_Cell_type_specific
cg25529319,TMLHE,MGP005398,55217,"trimethyllysine hydroxylase, epsilon",Carnitine Synthesis,http://www.genenames.org/cgi-bin/gene_symbol_report?match=TMLHE,5'UTR,chrX:154842112-154842719,Island,X:154842001-154842828,Promoter_Associated_Cell_type_specific
cg26540943,TMLHE,MGP005398,55217,"trimethyllysine hydroxylase, epsilon",Carnitine Synthesis,http://www.genenames.org/cgi-bin/gene_symbol_report?match=TMLHE,5'UTR,chrX:154842112-154842719,Island,X:154842001-154842828,Promoter_Associated_Cell_type_specific
cg03317455,MAOA,MGP001867,4128,monoamine oxidase A,Citalopram Action Pathway,http://www.genenames.org/cgi-bin/gene_symbol_report?match=MAOA,TSS1500,chrX:43514030-43514793,Island,,
cg05443523,MAOA,MGP001867,4128,monoamine oxidase A,Citalopram Action Pathway,http://www.genenames.org/cgi-bin/gene_symbol_report?match=MAOA,TSS200,chrX:43515325-43515681,N_Shore,,
cg06558952,MAOA,MGP001867,4128,monoamine oxidase A,Citalopram Action Pathway,http://www.genenames.org/cgi-bin/gene_symbol_report?match=MAOA,TSS1500,chrX:43514030-43514793,Island,,
cg06794323,MAOA,MGP001867,4128,monoamine oxidase A,Citalopram Action Pathway,http://www.genenames.org/cgi-bin/gene_symbol_report?match=MAOA,Body,chrX:43514030-43514793,S_Shelf,,
cg11390960,MAOA,MGP001867,4128,monoamine oxidase A,Citalopram Action Pathway,http://www.genenames.org/cgi-bin/gene_symbol_report?match=MAOA,Body,chrX:43515325-43515681,S_Shore,,
cg17788031,MAOA,MGP001867,4128,monoamine oxidase A,Citalopram Action Pathway,http://www.genenames.org/cgi-bin/gene_symbol_report?match=MAOA,TSS1500,chrX:43514030-43514793,Island,,
cg18138788,MAOA,MGP001867,4128,monoamine oxidase A,Citalopram Action Pathway,http://www.genenames.org/cgi-bin/gene_symbol_report?match=MAOA,TSS200,chrX:43515325-43515681,N_Shore,,
cg19441691,MAOA,MGP001867,4128,monoamine oxidase A,Citalopram Action Pathway,http://www.genenames.org/cgi-bin/gene_symbol_report?match=MAOA,TSS200,chrX:43515325-43515681,Island,,
cg20121427,MAOA,MGP001867,4128,monoamine oxidase A,Citalopram Action Pathway,http://www.genenames.org/cgi-bin/gene_symbol_report?match=MAOA,TSS1500,chrX:43514030-43514793,Island,,
cg22366618,MAOA,MGP001867,4128,monoamine oxidase A,Citalopram Action Pathway,http://www.genenames.org/cgi-bin/gene_symbol_report?match=MAOA,TSS200,chrX:43515325-43515681,Island,,
cg26741576,MAOA,MGP001867,4128,monoamine oxidase A,Citalopram Action Pathway,http://www.genenames.org/cgi-bin/gene_symbol_report?match=MAOA,TSS1500,chrX:43514030-43514793,N_Shore,,
cg00121904,MAOB,MGP001868,4129,monoamine oxidase B,Citalopram Action Pathway,http://www.genenames.org/cgi-bin/gene_symbol_report?match=MAOB,TSS200,chrX:43741299-43741827,Island,X:43741671-43741917,Unclassified_Cell_type_specific
cg04484695,MAOB,MGP001868,4129,monoamine oxidase B,Citalopram Action Pathway,http://www.genenames.org/cgi-bin/gene_symbol_report?match=MAOB,TSS1500,chrX:43741299-43741827,S_Shore,,
cg05545272,MAOB,MGP001868,4129,monoamine oxidase B,Citalopram Action Pathway,http://www.genenames.org/cgi-bin/gene_symbol_report?match=MAOB,Body,chrX:43741299-43741827,Island,,
cg05605944,MAOB,MGP001868,4129,monoamine oxidase B,Citalopram Action Pathway,http://www.genenames.org/cgi-bin/gene_symbol_report?match=MAOB,TSS1500,chrX:43741299-43741827,S_Shore,,
cg07390373,MAOB,MGP001868,4129,monoamine oxidase B,Citalopram Action Pathway,http://www.genenames.org/cgi-bin/gene_symbol_report?match=MAOB,TSS1500,chrX:43741299-43741827,S_Shore,,
cg07887243,MAOB,MGP001868,4129,monoamine oxidase B,Citalopram Action Pathway,http://www.genenames.org/cgi-bin/gene_symbol_report?match=MAOB,1stExon,chrX:43741299-43741827,Island,,
cg09005457,MAOB,MGP001868,4129,monoamine oxidase B,Citalopram Action Pathway,http://www.genenames.org/cgi-bin/gene_symbol_report?match=MAOB,3'UTR,,,,
cg09335829,MAOB,MGP001868,4129,monoamine oxidase B,Citalopram Action Pathway,http://www.genenames.org/cgi-bin/gene_symbol_report?match=MAOB,Body,chrX:43741299-43741827,N_Shelf,,
cg09357232,MAOB,MGP001868,4129,monoamine oxidase B,Citalopram Action Pathway,http://www.genenames.org/cgi-bin/gene_symbol_report?match=MAOB,TSS200,chrX:43741299-43741827,Island,X:43741671-43741917,Unclassified_Cell_type_specific
cg13223227,MAOB,MGP001868,4129,monoamine oxidase B,Citalopram Action Pathway,http://www.genenames.org/cgi-bin/gene_symbol_report?match=MAOB,Body,chrX:43741299-43741827,Island,,
cg25737241,MAOB,MGP001868,4129,monoamine oxidase B,Citalopram Action Pathway,http://www.genenames.org/cgi-bin/gene_symbol_report?match=MAOB,Body,chrX:43741299-43741827,N_Shore,,
cg26000542,MAOB,MGP001868,4129,monoamine oxidase B,Citalopram Action Pathway,http://www.genenames.org/cgi-bin/gene_symbol_report?match=MAOB,TSS200,chrX:43741299-43741827,S_Shore,X:43741671-43741917,Unclassified_Cell_type_specific
cg00909097,PDHA1,MGP002228,5160,pyruvate dehydrogenase (lipoamide) alpha 1,Citric Acid Cycle,http://www.genenames.org/cgi-bin/gene_symbol_report?match=PDHA1,Body,chrX:19361726-19362479,S_Shelf,,
cg03575468,PDHA1,MGP002228,5160,pyruvate dehydrogenase (lipoamide) alpha 1,Citric Acid Cycle,http://www.genenames.org/cgi-bin/gene_symbol_report?match=PDHA1,Body,chrX:19361726-19362479,S_Shore,X:19361287-19362667,Promoter_Associated
cg11727174,PDHA1,MGP002228,5160,pyruvate dehydrogenase (lipoamide) alpha 1,Citric Acid Cycle,http://www.genenames.org/cgi-bin/gene_symbol_report?match=PDHA1,Body,chrX:19361726-19362479,Island,X:19361287-19362667,Promoter_Associated
cg12175122,PDHA1,MGP002228,5160,pyruvate dehydrogenase (lipoamide) alpha 1,Citric Acid Cycle,http://www.genenames.org/cgi-bin/gene_symbol_report?match=PDHA1,TSS200,chrX:19361726-19362479,Island,X:19361287-19362667,Promoter_Associated
cg13658777,PDHA1,MGP002228,5160,pyruvate dehydrogenase (lipoamide) alpha 1,Citric Acid Cycle,http://www.genenames.org/cgi-bin/gene_symbol_report?match=PDHA1,TSS1500,chrX:19361726-19362479,Island,X:19361287-19362667,Promoter_Associated
cg21799736,PDHA1,MGP002228,5160,pyruvate dehydrogenase (lipoamide) alpha 1,Citric Acid Cycle,http://www.genenames.org/cgi-bin/gene_symbol_report?match=PDHA1,TSS1500,chrX:19361726-19362479,N_Shore,X:19361287-19362667,Promoter_Associated
cg23242236,PDHA1,MGP002228,5160,pyruvate dehydrogenase (lipoamide) alpha 1,Citric Acid Cycle,http://www.genenames.org/cgi-bin/gene_symbol_report?match=PDHA1,Body,chrX:19361726-19362479,S_Shore,X:19361287-19362667,Promoter_Associated
cg25493146,PDHA1,MGP002228,5160,pyruvate dehydrogenase (lipoamide) alpha 1,Citric Acid Cycle,http://www.genenames.org/cgi-bin/gene_symbol_report?match=PDHA1,TSS1500,chrX:19361726-19362479,N_Shore,,
cg27058480,PDHA1,MGP002228,5160,pyruvate dehydrogenase (lipoamide) alpha 1,Citric Acid Cycle,http://www.genenames.org/cgi-bin/gene_symbol_report?match=PDHA1,TSS1500,chrX:19361726-19362479,Island,X:19361287-19362667,Promoter_Associated
cg05407550,F8,MGP001011,2157,"coagulation factor VIII, procoagulant component",Enoxaparin Action Pathway,http://www.genenames.org/cgi-bin/gene_symbol_report?match=F8,1stExon,,,,
cg06306751,F8,MGP001011,2157,"coagulation factor VIII, procoagulant component",Enoxaparin Action Pathway,http://www.genenames.org/cgi-bin/gene_symbol_report?match=F8,TSS200,chrX:154254915-154255696,N_Shelf,,
cg09968133,F8,MGP001011,2157,"coagulation factor VIII, procoagulant component",Enoxaparin Action Pathway,http://www.genenames.org/cgi-bin/gene_symbol_report?match=F8,Body,chrX:154114391-154115523,S_Shelf,,
cg15613687,F8,MGP001011,2157,"coagulation factor VIII, procoagulant component",Enoxaparin Action Pathway,http://www.genenames.org/cgi-bin/gene_symbol_report?match=F8,TSS1500,chrX:154254915-154255696,N_Shelf,,
cg27048639,F8,MGP001011,2157,"coagulation factor VIII, procoagulant component",Enoxaparin Action Pathway,http://www.genenames.org/cgi-bin/gene_symbol_report?match=F8,TSS1500,chrX:154254915-154255696,N_Shelf,,
cg04240856,F9,MGP001012,2158,coagulation factor IX,Enoxaparin Action Pathway,http://www.genenames.org/cgi-bin/gene_symbol_report?match=F9,3'UTR,,,,
cg09475041,F9,MGP001012,2158,coagulation factor IX,Enoxaparin Action Pathway,http://www.genenames.org/cgi-bin/gene_symbol_report?match=F9,TSS200,,,,
cg10339201,F9,MGP001012,2158,coagulation factor IX,Enoxaparin Action Pathway,http://www.genenames.org/cgi-bin/gene_symbol_report?match=F9,1stExon,,,,
cg14381550,F9,MGP001012,2158,coagulation factor IX,Enoxaparin Action Pathway,http://www.genenames.org/cgi-bin/gene_symbol_report?match=F9,Body,,,,
cg21311761,F9,MGP001012,2158,coagulation factor IX,Enoxaparin Action Pathway,http://www.genenames.org/cgi-bin/gene_symbol_report?match=F9,TSS1500,,,,
cg03183094,CLIC2,MGP000589,1193,chloride intracellular channel 2,Esomeprazole Action Pathway,http://www.genenames.org/cgi-bin/gene_symbol_report?match=CLIC2,Body,,,,
cg09889532,CLIC2,MGP000589,1193,chloride intracellular channel 2,Esomeprazole Action Pathway,http://www.genenames.org/cgi-bin/gene_symbol_report?match=CLIC2,TSS1500,,,,
cg00126698,BTK,MGP000343,695,Bruton agammaglobulinemia tyrosine kinase,Fc Epsilon Receptor I Signaling in Mast Cells,http://www.genenames.org/cgi-bin/gene_symbol_report?match=BTK,5'UTR,,,,
cg02998933,BTK,MGP000343,695,Bruton agammaglobulinemia tyrosine kinase,Fc Epsilon Receptor I Signaling in Mast Cells,http://www.genenames.org/cgi-bin/gene_symbol_report?match=BTK,5'UTR,,,,
cg03791917,BTK,MGP000343,695,Bruton agammaglobulinemia tyrosine kinase,Fc Epsilon Receptor I Signaling in Mast Cells,http://www.genenames.org/cgi-bin/gene_symbol_report?match=BTK,TSS200,,,,
cg08355317,BTK,MGP000343,695,Bruton agammaglobulinemia tyrosine kinase,Fc Epsilon Receptor I Signaling in Mast Cells,http://www.genenames.org/cgi-bin/gene_symbol_report?match=BTK,TSS1500,chrX:100645780-100646107,N_Shelf,,
cg15847896,BTK,MGP000343,695,Bruton agammaglobulinemia tyrosine kinase,Fc Epsilon Receptor I Signaling in Mast Cells,http://www.genenames.org/cgi-bin/gene_symbol_report?match=BTK,Body,chrX:100603622-100603950,S_Shelf,,
cg16397002,BTK,MGP000343,695,Bruton agammaglobulinemia tyrosine kinase,Fc Epsilon Receptor I Signaling in Mast Cells,http://www.genenames.org/cgi-bin/gene_symbol_report?match=BTK,TSS1500,chrX:100645780-100646107,N_Shelf,,
cg21909660,BTK,MGP000343,695,Bruton agammaglobulinemia tyrosine kinase,Fc Epsilon Receptor I Signaling in Mast Cells,http://www.genenames.org/cgi-bin/gene_symbol_report?match=BTK,5'UTR,,,X:100638821-100639007,Unclassified_Cell_type_specific
cg01058932,PFKFB1,MGP002251,5207,"6-phosphofructo-2-kinase/fructose-2,6-biphosphatase 1",Fructose and Mannose Degradation,http://www.genenames.org/cgi-bin/gene_symbol_report?match=PFKFB1,TSS1500,,,,
cg05223249,PFKFB1,MGP002251,5207,"6-phosphofructo-2-kinase/fructose-2,6-biphosphatase 1",Fructose and Mannose Degradation,http://www.genenames.org/cgi-bin/gene_symbol_report?match=PFKFB1,TSS200,,,,
cg13897449,PFKFB1,MGP002251,5207,"6-phosphofructo-2-kinase/fructose-2,6-biphosphatase 1",Fructose and Mannose Degradation,http://www.genenames.org/cgi-bin/gene_symbol_report?match=PFKFB1,TSS1500,,,,
cg19382362,PFKFB1,MGP002251,5207,"6-phosphofructo-2-kinase/fructose-2,6-biphosphatase 1",Fructose and Mannose Degradation,http://www.genenames.org/cgi-bin/gene_symbol_report?match=PFKFB1,Body,,,,
cg23800739,PFKFB1,MGP002251,5207,"6-phosphofructo-2-kinase/fructose-2,6-biphosphatase 1",Fructose and Mannose Degradation,http://www.genenames.org/cgi-bin/gene_symbol_report?match=PFKFB1,3'UTR,,,,
cg24678243,PFKFB1,MGP002251,5207,"6-phosphofructo-2-kinase/fructose-2,6-biphosphatase 1",Fructose and Mannose Degradation,http://www.genenames.org/cgi-bin/gene_symbol_report?match=PFKFB1,TSS1500,,,,
cg26406249,PFKFB1,MGP002251,5207,"6-phosphofructo-2-kinase/fructose-2,6-biphosphatase 1",Fructose and Mannose Degradation,http://www.genenames.org/cgi-bin/gene_symbol_report?match=PFKFB1,TSS1500,,,,
cg01813276,GLA,MGP001219,2717,"galactosidase, alpha",Galactose Metabolism,http://www.genenames.org/cgi-bin/gene_symbol_report?match=GLA,Body,chrX:100662827-100663592,N_Shelf,,
cg03317455,MAOA,MGP001867,4128,monoamine oxidase A,Glycine and Serine Metabolism,http://www.genenames.org/cgi-bin/gene_symbol_report?match=MAOA,TSS1500,chrX:43514030-43514793,Island,,
cg05443523,MAOA,MGP001867,4128,monoamine oxidase A,Glycine and Serine Metabolism,http://www.genenames.org/cgi-bin/gene_symbol_report?match=MAOA,TSS200,chrX:43515325-43515681,N_Shore,,
cg06558952,MAOA,MGP001867,4128,monoamine oxidase A,Glycine and Serine Metabolism,http://www.genenames.org/cgi-bin/gene_symbol_report?match=MAOA,TSS1500,chrX:43514030-43514793,Island,,
cg06794323,MAOA,MGP001867,4128,monoamine oxidase A,Glycine and Serine Metabolism,http://www.genenames.org/cgi-bin/gene_symbol_report?match=MAOA,Body,chrX:43514030-43514793,S_Shelf,,
cg11390960,MAOA,MGP001867,4128,monoamine oxidase A,Glycine and Serine Metabolism,http://www.genenames.org/cgi-bin/gene_symbol_report?match=MAOA,Body,chrX:43515325-43515681,S_Shore,,
cg17788031,MAOA,MGP001867,4128,monoamine oxidase A,Glycine and Serine Metabolism,http://www.genenames.org/cgi-bin/gene_symbol_report?match=MAOA,TSS1500,chrX:43514030-43514793,Island,,
cg18138788,MAOA,MGP001867,4128,monoamine oxidase A,Glycine and Serine Metabolism,http://www.genenames.org/cgi-bin/gene_symbol_report?match=MAOA,TSS200,chrX:43515325-43515681,N_Shore,,
cg19441691,MAOA,MGP001867,4128,monoamine oxidase A,Glycine and Serine Metabolism,http://www.genenames.org/cgi-bin/gene_symbol_report?match=MAOA,TSS200,chrX:43515325-43515681,Island,,
cg20121427,MAOA,MGP001867,4128,monoamine oxidase A,Glycine and Serine Metabolism,http://www.genenames.org/cgi-bin/gene_symbol_report?match=MAOA,TSS1500,chrX:43514030-43514793,Island,,
cg22366618,MAOA,MGP001867,4128,monoamine oxidase A,Glycine and Serine Metabolism,http://www.genenames.org/cgi-bin/gene_symbol_report?match=MAOA,TSS200,chrX:43515325-43515681,Island,,
cg26741576,MAOA,MGP001867,4128,monoamine oxidase A,Glycine and Serine Metabolism,http://www.genenames.org/cgi-bin/gene_symbol_report?match=MAOA,TSS1500,chrX:43514030-43514793,N_Shore,,
cg03317455,MAOA,MGP001867,4128,monoamine oxidase A,Histidine Metabolism,http://www.genenames.org/cgi-bin/gene_symbol_report?match=MAOA,TSS1500,chrX:43514030-43514793,Island,,
cg05443523,MAOA,MGP001867,4128,monoamine oxidase A,Histidine Metabolism,http://www.genenames.org/cgi-bin/gene_symbol_report?match=MAOA,TSS200,chrX:43515325-43515681,N_Shore,,
cg06558952,MAOA,MGP001867,4128,monoamine oxidase A,Histidine Metabolism,http://www.genenames.org/cgi-bin/gene_symbol_report?match=MAOA,TSS1500,chrX:43514030-43514793,Island,,
cg06794323,MAOA,MGP001867,4128,monoamine oxidase A,Histidine Metabolism,http://www.genenames.org/cgi-bin/gene_symbol_report?match=MAOA,Body,chrX:43514030-43514793,S_Shelf,,
cg11390960,MAOA,MGP001867,4128,monoamine oxidase A,Histidine Metabolism,http://www.genenames.org/cgi-bin/gene_symbol_report?match=MAOA,Body,chrX:43515325-43515681,S_Shore,,
cg17788031,MAOA,MGP001867,4128,monoamine oxidase A,Histidine Metabolism,http://www.genenames.org/cgi-bin/gene_symbol_report?match=MAOA,TSS1500,chrX:43514030-43514793,Island,,
cg18138788,MAOA,MGP001867,4128,monoamine oxidase A,Histidine Metabolism,http://www.genenames.org/cgi-bin/gene_symbol_report?match=MAOA,TSS200,chrX:43515325-43515681,N_Shore,,
cg19441691,MAOA,MGP001867,4128,monoamine oxidase A,Histidine Metabolism,http://www.genenames.org/cgi-bin/gene_symbol_report?match=MAOA,TSS200,chrX:43515325-43515681,Island,,
cg20121427,MAOA,MGP001867,4128,monoamine oxidase A,Histidine Metabolism,http://www.genenames.org/cgi-bin/gene_symbol_report?match=MAOA,TSS1500,chrX:43514030-43514793,Island,,
cg22366618,MAOA,MGP001867,4128,monoamine oxidase A,Histidine Metabolism,http://www.genenames.org/cgi-bin/gene_symbol_report?match=MAOA,TSS200,chrX:43515325-43515681,Island,,
cg26741576,MAOA,MGP001867,4128,monoamine oxidase A,Histidine Metabolism,http://www.genenames.org/cgi-bin/gene_symbol_report?match=MAOA,TSS1500,chrX:43514030-43514793,N_Shore,,
cg00151234,PGK1,MGP002264,5230,phosphoglycerate kinase 1,Lamivudine Metabolism Pathway,http://www.genenames.org/cgi-bin/gene_symbol_report?match=PGK1,TSS1500,chrX:77359303-77359979,Island,X:77359057-77359965,Promoter_Associated
cg00832270,PGK1,MGP002264,5230,phosphoglycerate kinase 1,Lamivudine Metabolism Pathway,http://www.genenames.org/cgi-bin/gene_symbol_report?match=PGK1,TSS200,chrX:77359303-77359979,Island,X:77359057-77359965,Promoter_Associated
cg00855706,PGK1,MGP002264,5230,phosphoglycerate kinase 1,Lamivudine Metabolism Pathway,http://www.genenames.org/cgi-bin/gene_symbol_report?match=PGK1,TSS1500,chrX:77359303-77359979,N_Shore,,
cg07781082,PGK1,MGP002264,5230,phosphoglycerate kinase 1,Lamivudine Metabolism Pathway,http://www.genenames.org/cgi-bin/gene_symbol_report?match=PGK1,TSS200,chrX:77359303-77359979,Island,X:77359057-77359965,Promoter_Associated
cg08955859,PGK1,MGP002264,5230,phosphoglycerate kinase 1,Lamivudine Metabolism Pathway,http://www.genenames.org/cgi-bin/gene_symbol_report?match=PGK1,Body,chrX:77359303-77359979,S_Shore,X:77360384-77360561,Promoter_Associated
cg09790289,PGK1,MGP002264,5230,phosphoglycerate kinase 1,Lamivudine Metabolism Pathway,http://www.genenames.org/cgi-bin/gene_symbol_report?match=PGK1,TSS200,chrX:77359303-77359979,Island,X:77359057-77359965,Promoter_Associated
cg10560144,PGK1,MGP002264,5230,phosphoglycerate kinase 1,Lamivudine Metabolism Pathway,http://www.genenames.org/cgi-bin/gene_symbol_report?match=PGK1,TSS1500,chrX:77359303-77359979,Island,X:77359057-77359965,Promoter_Associated
cg11887015,PGK1,MGP002264,5230,phosphoglycerate kinase 1,Lamivudine Metabolism Pathway,http://www.genenames.org/cgi-bin/gene_symbol_report?match=PGK1,TSS1500,chrX:77359303-77359979,N_Shore,X:77359057-77359965,Promoter_Associated
cg13203541,PGK1,MGP002264,5230,phosphoglycerate kinase 1,Lamivudine Metabolism Pathway,http://www.genenames.org/cgi-bin/gene_symbol_report?match=PGK1,TSS1500,chrX:77359303-77359979,Island,X:77359057-77359965,Promoter_Associated
cg14794494,PGK1,MGP002264,5230,phosphoglycerate kinase 1,Lamivudine Metabolism Pathway,http://www.genenames.org/cgi-bin/gene_symbol_report?match=PGK1,TSS200,chrX:77359303-77359979,Island,X:77359057-77359965,Promoter_Associated
cg15418221,PGK1,MGP002264,5230,phosphoglycerate kinase 1,Lamivudine Metabolism Pathway,http://www.genenames.org/cgi-bin/gene_symbol_report?match=PGK1,TSS200,chrX:77359303-77359979,Island,X:77359057-77359965,Promoter_Associated
cg16181613,PGK1,MGP002264,5230,phosphoglycerate kinase 1,Lamivudine Metabolism Pathway,http://www.genenames.org/cgi-bin/gene_symbol_report?match=PGK1,1stExon,chrX:77359303-77359979,Island,X:77359057-77359965,Promoter_Associated
cg18989233,PGK1,MGP002264,5230,phosphoglycerate kinase 1,Lamivudine Metabolism Pathway,http://www.genenames.org/cgi-bin/gene_symbol_report?match=PGK1,3'UTR,,,,
cg20203466,PGK1,MGP002264,5230,phosphoglycerate kinase 1,Lamivudine Metabolism Pathway,http://www.genenames.org/cgi-bin/gene_symbol_report?match=PGK1,Body,chrX:77359303-77359979,Island,X:77359057-77359965,Promoter_Associated
cg26744454,PGK1,MGP002264,5230,phosphoglycerate kinase 1,Lamivudine Metabolism Pathway,http://www.genenames.org/cgi-bin/gene_symbol_report?match=PGK1,TSS200,chrX:77359303-77359979,Island,X:77359057-77359965,Promoter_Associated
cg00869298,NDUFA1,MGP002038,4694,"NADH dehydrogenase (ubiquinone) 1 alpha subcomplex, 1, 7.5kDa",Mitochondrial Electron Transport Chain,http://www.genenames.org/cgi-bin/gene_symbol_report?match=NDUFA1,TSS1500,chrX:119005251-119006217,N_Shore,,
cg12940781,NDUFA1,MGP002038,4694,"NADH dehydrogenase (ubiquinone) 1 alpha subcomplex, 1, 7.5kDa",Mitochondrial Electron Transport Chain,http://www.genenames.org/cgi-bin/gene_symbol_report?match=NDUFA1,Body,chrX:119005251-119006217,S_Shelf,,
cg02772106,ABCD1,MGP000115,215,"ATP-binding cassette, sub-family D (ALD), member 1",Oxidation of Branched Chain Fatty Acids,http://www.genenames.org/cgi-bin/gene_symbol_report?match=ABCD1,Body,chrX:152988874-152991719,S_Shore,X:152991526-152993092,Promoter_Associated
cg22534545,ABCD1,MGP000115,215,"ATP-binding cassette, sub-family D (ALD), member 1",Oxidation of Branched Chain Fatty Acids,http://www.genenames.org/cgi-bin/gene_symbol_report?match=ABCD1,Body,chrX:152988874-152991719,S_Shelf,,
cg27024381,ABCD1,MGP000115,215,"ATP-binding cassette, sub-family D (ALD), member 1",Oxidation of Branched Chain Fatty Acids,http://www.genenames.org/cgi-bin/gene_symbol_report?match=ABCD1,3'UTR,,,X:153009938-153010195,Unclassified_Cell_type_specific
cg02772106,ABCD1,MGP000115,215,"ATP-binding cassette, sub-family D (ALD), member 1",Phytanic Acid Peroxisomal Oxidation,http://www.genenames.org/cgi-bin/gene_symbol_report?match=ABCD1,Body,chrX:152988874-152991719,S_Shore,X:152991526-152993092,Promoter_Associated
cg22534545,ABCD1,MGP000115,215,"ATP-binding cassette, sub-family D (ALD), member 1",Phytanic Acid Peroxisomal Oxidation,http://www.genenames.org/cgi-bin/gene_symbol_report?match=ABCD1,Body,chrX:152988874-152991719,S_Shelf,,
cg27024381,ABCD1,MGP000115,215,"ATP-binding cassette, sub-family D (ALD), member 1",Phytanic Acid Peroxisomal Oxidation,http://www.genenames.org/cgi-bin/gene_symbol_report?match=ABCD1,3'UTR,,,X:153009938-153010195,Unclassified_Cell_type_specific
cg00769799,HPRT1,MGP001495,3251,hypoxanthine phosphoribosyltransferase 1,Purine Metabolism,http://www.genenames.org/cgi-bin/gene_symbol_report?match=HPRT1,TSS200,chrX:133594203-133594828,N_Shore,X:133593729-133594554,Promoter_Associated
cg02264284,HPRT1,MGP001495,3251,hypoxanthine phosphoribosyltransferase 1,Purine Metabolism,http://www.genenames.org/cgi-bin/gene_symbol_report?match=HPRT1,Body,chrX:133594203-133594828,S_Shore,X:133594775-133595200,NonGene_Associated
cg03523199,HPRT1,MGP001495,3251,hypoxanthine phosphoribosyltransferase 1,Purine Metabolism,http://www.genenames.org/cgi-bin/gene_symbol_report?match=HPRT1,TSS1500,chrX:133594203-133594828,N_Shore,X:133593729-133594554,Promoter_Associated
cg05630320,HPRT1,MGP001495,3251,hypoxanthine phosphoribosyltransferase 1,Purine Metabolism,http://www.genenames.org/cgi-bin/gene_symbol_report?match=HPRT1,TSS200,chrX:133594203-133594828,N_Shore,X:133593729-133594554,Promoter_Associated
cg09996779,HPRT1,MGP001495,3251,hypoxanthine phosphoribosyltransferase 1,Purine Metabolism,http://www.genenames.org/cgi-bin/gene_symbol_report?match=HPRT1,TSS200,chrX:133594203-133594828,N_Shore,X:133593729-133594554,Promoter_Associated
cg10256662,HPRT1,MGP001495,3251,hypoxanthine phosphoribosyltransferase 1,Purine Metabolism,http://www.genenames.org/cgi-bin/gene_symbol_report?match=HPRT1,Body,chrX:133594203-133594828,Island,X:133594775-133595200,NonGene_Associated
cg10584819,HPRT1,MGP001495,3251,hypoxanthine phosphoribosyltransferase 1,Purine Metabolism,http://www.genenames.org/cgi-bin/gene_symbol_report?match=HPRT1,TSS1500,chrX:133594203-133594828,N_Shore,,
cg15075851,HPRT1,MGP001495,3251,hypoxanthine phosphoribosyltransferase 1,Purine Metabolism,http://www.genenames.org/cgi-bin/gene_symbol_report?match=HPRT1,TSS1500,chrX:133594203-133594828,N_Shore,X:133593729-133594554,Promoter_Associated
cg16170944,HPRT1,MGP001495,3251,hypoxanthine phosphoribosyltransferase 1,Purine Metabolism,http://www.genenames.org/cgi-bin/gene_symbol_report?match=HPRT1,TSS200,chrX:133594203-133594828,N_Shore,X:133593729-133594554,Promoter_Associated
cg00909097,PDHA1,MGP002228,5160,pyruvate dehydrogenase (lipoamide) alpha 1,Pyruvate Metabolism,http://www.genenames.org/cgi-bin/gene_symbol_report?match=PDHA1,Body,chrX:19361726-19362479,S_Shelf,,
cg03575468,PDHA1,MGP002228,5160,pyruvate dehydrogenase (lipoamide) alpha 1,Pyruvate Metabolism,http://www.genenames.org/cgi-bin/gene_symbol_report?match=PDHA1,Body,chrX:19361726-19362479,S_Shore,X:19361287-19362667,Promoter_Associated
cg11727174,PDHA1,MGP002228,5160,pyruvate dehydrogenase (lipoamide) alpha 1,Pyruvate Metabolism,http://www.genenames.org/cgi-bin/gene_symbol_report?match=PDHA1,Body,chrX:19361726-19362479,Island,X:19361287-19362667,Promoter_Associated
cg12175122,PDHA1,MGP002228,5160,pyruvate dehydrogenase (lipoamide) alpha 1,Pyruvate Metabolism,http://www.genenames.org/cgi-bin/gene_symbol_report?match=PDHA1,TSS200,chrX:19361726-19362479,Island,X:19361287-19362667,Promoter_Associated
cg13658777,PDHA1,MGP002228,5160,pyruvate dehydrogenase (lipoamide) alpha 1,Pyruvate Metabolism,http://www.genenames.org/cgi-bin/gene_symbol_report?match=PDHA1,TSS1500,chrX:19361726-19362479,Island,X:19361287-19362667,Promoter_Associated
cg21799736,PDHA1,MGP002228,5160,pyruvate dehydrogenase (lipoamide) alpha 1,Pyruvate Metabolism,http://www.genenames.org/cgi-bin/gene_symbol_report?match=PDHA1,TSS1500,chrX:19361726-19362479,N_Shore,X:19361287-19362667,Promoter_Associated
cg23242236,PDHA1,MGP002228,5160,pyruvate dehydrogenase (lipoamide) alpha 1,Pyruvate Metabolism,http://www.genenames.org/cgi-bin/gene_symbol_report?match=PDHA1,Body,chrX:19361726-19362479,S_Shore,X:19361287-19362667,Promoter_Associated
cg25493146,PDHA1,MGP002228,5160,pyruvate dehydrogenase (lipoamide) alpha 1,Pyruvate Metabolism,http://www.genenames.org/cgi-bin/gene_symbol_report?match=PDHA1,TSS1500,chrX:19361726-19362479,N_Shore,,
cg27058480,PDHA1,MGP002228,5160,pyruvate dehydrogenase (lipoamide) alpha 1,Pyruvate Metabolism,http://www.genenames.org/cgi-bin/gene_symbol_report?match=PDHA1,TSS1500,chrX:19361726-19362479,Island,X:19361287-19362667,Promoter_Associated
cg02616921,AWAT1,MGP006676,158833,acyl-CoA wax alcohol acyltransferase 1,Retinol Metabolism,http://www.genenames.org/cgi-bin/gene_symbol_report?match=AWAT1,Body,,,,
cg20220865,AWAT1,MGP006676,158833,acyl-CoA wax alcohol acyltransferase 1,Retinol Metabolism,http://www.genenames.org/cgi-bin/gene_symbol_report?match=AWAT1,TSS200,,,,
cg23852772,AWAT1,MGP006676,158833,acyl-CoA wax alcohol acyltransferase 1,Retinol Metabolism,http://www.genenames.org/cgi-bin/gene_symbol_report?match=AWAT1,Body,,,,
cg01445307,SMS,MGP002928,6611,spermine synthase,Spermidine and Spermine Biosynthesis,http://www.genenames.org/cgi-bin/gene_symbol_report?match=SMS,Body,chrX:21958611-21959701,Island,X:21958317-21959738,Promoter_Associated
cg02417823,SMS,MGP002928,6611,spermine synthase,Spermidine and Spermine Biosynthesis,http://www.genenames.org/cgi-bin/gene_symbol_report?match=SMS,TSS200,chrX:21958611-21959701,Island,X:21958317-21959738,Promoter_Associated
cg02496423,SMS,MGP002928,6611,spermine synthase,Spermidine and Spermine Biosynthesis,http://www.genenames.org/cgi-bin/gene_symbol_report?match=SMS,TSS1500,chrX:21958611-21959701,Island,X:21958317-21959738,Promoter_Associated
cg03031357,SMS,MGP002928,6611,spermine synthase,Spermidine and Spermine Biosynthesis,http://www.genenames.org/cgi-bin/gene_symbol_report?match=SMS,Body,chrX:21958611-21959701,Island,X:21958317-21959738,Promoter_Associated
cg04182378,SMS,MGP002928,6611,spermine synthase,Spermidine and Spermine Biosynthesis,http://www.genenames.org/cgi-bin/gene_symbol_report?match=SMS,TSS1500,chrX:21958611-21959701,N_Shore,X:21958317-21959738,Promoter_Associated
cg05155058,SMS,MGP002928,6611,spermine synthase,Spermidine and Spermine Biosynthesis,http://www.genenames.org/cgi-bin/gene_symbol_report?match=SMS,Body,chrX:21958611-21959701,S_Shelf,,
cg07858069,SMS,MGP002928,6611,spermine synthase,Spermidine and Spermine Biosynthesis,http://www.genenames.org/cgi-bin/gene_symbol_report?match=SMS,TSS200,chrX:21958611-21959701,Island,X:21958317-21959738,Promoter_Associated
cg09207137,SMS,MGP002928,6611,spermine synthase,Spermidine and Spermine Biosynthesis,http://www.genenames.org/cgi-bin/gene_symbol_report?match=SMS,TSS1500,chrX:21958611-21959701,Island,X:21958317-21959738,Promoter_Associated
cg09483847,SMS,MGP002928,6611,spermine synthase,Spermidine and Spermine Biosynthesis,http://www.genenames.org/cgi-bin/gene_symbol_report?match=SMS,Body,chrX:21958611-21959701,S_Shore,,
cg16349029,SMS,MGP002928,6611,spermine synthase,Spermidine and Spermine Biosynthesis,http://www.genenames.org/cgi-bin/gene_symbol_report?match=SMS,3'UTR,,,,
cg18624866,SMS,MGP002928,6611,spermine synthase,Spermidine and Spermine Biosynthesis,http://www.genenames.org/cgi-bin/gene_symbol_report?match=SMS,TSS1500,chrX:21958611-21959701,N_Shore,X:21958317-21959738,Promoter_Associated
cg22417589,SMS,MGP002928,6611,spermine synthase,Spermidine and Spermine Biosynthesis,http://www.genenames.org/cgi-bin/gene_symbol_report?match=SMS,TSS1500,chrX:21958611-21959701,Island,X:21958317-21959738,Promoter_Associated
cg23161359,SMS,MGP002928,6611,spermine synthase,Spermidine and Spermine Biosynthesis,http://www.genenames.org/cgi-bin/gene_symbol_report?match=SMS,Body,chrX:21958611-21959701,S_Shore,X:21960191-21960458,Unclassified_Cell_type_specific
cg23374711,SMS,MGP002928,6611,spermine synthase,Spermidine and Spermine Biosynthesis,http://www.genenames.org/cgi-bin/gene_symbol_report?match=SMS,TSS1500,chrX:21958611-21959701,Island,X:21958317-21959738,Promoter_Associated
cg24980481,SMS,MGP002928,6611,spermine synthase,Spermidine and Spermine Biosynthesis,http://www.genenames.org/cgi-bin/gene_symbol_report?match=SMS,Body,,,,
cg01813276,GLA,MGP001219,2717,"galactosidase, alpha",Sphingolipid Metabolism,http://www.genenames.org/cgi-bin/gene_symbol_report?match=GLA,Body,chrX:100662827-100663592,N_Shelf,,
cg04387098,EBP,MGP004332,10682,emopamil binding protein (sterol isomerase),Steroid Biosynthesis,http://www.genenames.org/cgi-bin/gene_symbol_report?match=EBP,TSS200,chrX:48379897-48380637,Island,X:48379599-48380680,Promoter_Associated
cg06219046,EBP,MGP004332,10682,emopamil binding protein (sterol isomerase),Steroid Biosynthesis,http://www.genenames.org/cgi-bin/gene_symbol_report?match=EBP,Body,chrX:48379897-48380637,S_Shore,,
cg07354666,EBP,MGP004332,10682,emopamil binding protein (sterol isomerase),Steroid Biosynthesis,http://www.genenames.org/cgi-bin/gene_symbol_report?match=EBP,TSS200,chrX:48379897-48380637,Island,X:48379599-48380680,Promoter_Associated
cg08496601,EBP,MGP004332,10682,emopamil binding protein (sterol isomerase),Steroid Biosynthesis,http://www.genenames.org/cgi-bin/gene_symbol_report?match=EBP,5'UTR,chrX:48379897-48380637,Island,X:48379599-48380680,Promoter_Associated
cg13771629,EBP,MGP004332,10682,emopamil binding protein (sterol isomerase),Steroid Biosynthesis,http://www.genenames.org/cgi-bin/gene_symbol_report?match=EBP,TSS1500,chrX:48379897-48380637,Island,X:48379599-48380680,Promoter_Associated
cg14354270,EBP,MGP004332,10682,emopamil binding protein (sterol isomerase),Steroid Biosynthesis,http://www.genenames.org/cgi-bin/gene_symbol_report?match=EBP,3'UTR,,,,
cg17391107,EBP,MGP004332,10682,emopamil binding protein (sterol isomerase),Steroid Biosynthesis,http://www.genenames.org/cgi-bin/gene_symbol_report?match=EBP,TSS1500,chrX:48379897-48380637,N_Shore,X:48379599-48380680,Promoter_Associated
cg19395010,EBP,MGP004332,10682,emopamil binding protein (sterol isomerase),Steroid Biosynthesis,http://www.genenames.org/cgi-bin/gene_symbol_report?match=EBP,Body,chrX:48379897-48380637,S_Shelf,,
cg15235844,CYBB,MGP000742,1536,"cytochrome b-245, beta polypeptide",Thyroid hormone synthesis,http://www.genenames.org/cgi-bin/gene_symbol_report?match=CYBB,3'UTR,,,,
cg17037297,CYBB,MGP000742,1536,"cytochrome b-245, beta polypeptide",Thyroid hormone synthesis,http://www.genenames.org/cgi-bin/gene_symbol_report?match=CYBB,Body,,,,
cg00909097,PDHA1,MGP002228,5160,pyruvate dehydrogenase (lipoamide) alpha 1,Transfer of Acetyl Groups into Mitochondria,http://www.genenames.org/cgi-bin/gene_symbol_report?match=PDHA1,Body,chrX:19361726-19362479,S_Shelf,,
cg03575468,PDHA1,MGP002228,5160,pyruvate dehydrogenase (lipoamide) alpha 1,Transfer of Acetyl Groups into Mitochondria,http://www.genenames.org/cgi-bin/gene_symbol_report?match=PDHA1,Body,chrX:19361726-19362479,S_Shore,X:19361287-19362667,Promoter_Associated
cg11727174,PDHA1,MGP002228,5160,pyruvate dehydrogenase (lipoamide) alpha 1,Transfer of Acetyl Groups into Mitochondria,http://www.genenames.org/cgi-bin/gene_symbol_report?match=PDHA1,Body,chrX:19361726-19362479,Island,X:19361287-19362667,Promoter_Associated
cg12175122,PDHA1,MGP002228,5160,pyruvate dehydrogenase (lipoamide) alpha 1,Transfer of Acetyl Groups into Mitochondria,http://www.genenames.org/cgi-bin/gene_symbol_report?match=PDHA1,TSS200,chrX:19361726-19362479,Island,X:19361287-19362667,Promoter_Associated
cg13658777,PDHA1,MGP002228,5160,pyruvate dehydrogenase (lipoamide) alpha 1,Transfer of Acetyl Groups into Mitochondria,http://www.genenames.org/cgi-bin/gene_symbol_report?match=PDHA1,TSS1500,chrX:19361726-19362479,Island,X:19361287-19362667,Promoter_Associated
cg21799736,PDHA1,MGP002228,5160,pyruvate dehydrogenase (lipoamide) alpha 1,Transfer of Acetyl Groups into Mitochondria,http://www.genenames.org/cgi-bin/gene_symbol_report?match=PDHA1,TSS1500,chrX:19361726-19362479,N_Shore,X:19361287-19362667,Promoter_Associated
cg23242236,PDHA1,MGP002228,5160,pyruvate dehydrogenase (lipoamide) alpha 1,Transfer of Acetyl Groups into Mitochondria,http://www.genenames.org/cgi-bin/gene_symbol_report?match=PDHA1,Body,chrX:19361726-19362479,S_Shore,X:19361287-19362667,Promoter_Associated
cg25493146,PDHA1,MGP002228,5160,pyruvate dehydrogenase (lipoamide) alpha 1,Transfer of Acetyl Groups into Mitochondria,http://www.genenames.org/cgi-bin/gene_symbol_report?match=PDHA1,TSS1500,chrX:19361726-19362479,N_Shore,,
cg27058480,PDHA1,MGP002228,5160,pyruvate dehydrogenase (lipoamide) alpha 1,Transfer of Acetyl Groups into Mitochondria,http://www.genenames.org/cgi-bin/gene_symbol_report?match=PDHA1,TSS1500,chrX:19361726-19362479,Island,X:19361287-19362667,Promoter_Associated
cg03317455,MAOA,MGP001867,4128,monoamine oxidase A,Tyrosine Metabolism,http://www.genenames.org/cgi-bin/gene_symbol_report?match=MAOA,TSS1500,chrX:43514030-43514793,Island,,
cg05443523,MAOA,MGP001867,4128,monoamine oxidase A,Tyrosine Metabolism,http://www.genenames.org/cgi-bin/gene_symbol_report?match=MAOA,TSS200,chrX:43515325-43515681,N_Shore,,
cg06558952,MAOA,MGP001867,4128,monoamine oxidase A,Tyrosine Metabolism,http://www.genenames.org/cgi-bin/gene_symbol_report?match=MAOA,TSS1500,chrX:43514030-43514793,Island,,
cg06794323,MAOA,MGP001867,4128,monoamine oxidase A,Tyrosine Metabolism,http://www.genenames.org/cgi-bin/gene_symbol_report?match=MAOA,Body,chrX:43514030-43514793,S_Shelf,,
cg11390960,MAOA,MGP001867,4128,monoamine oxidase A,Tyrosine Metabolism,http://www.genenames.org/cgi-bin/gene_symbol_report?match=MAOA,Body,chrX:43515325-43515681,S_Shore,,
cg17788031,MAOA,MGP001867,4128,monoamine oxidase A,Tyrosine Metabolism,http://www.genenames.org/cgi-bin/gene_symbol_report?match=MAOA,TSS1500,chrX:43514030-43514793,Island,,
cg18138788,MAOA,MGP001867,4128,monoamine oxidase A,Tyrosine Metabolism,http://www.genenames.org/cgi-bin/gene_symbol_report?match=MAOA,TSS200,chrX:43515325-43515681,N_Shore,,
cg19441691,MAOA,MGP001867,4128,monoamine oxidase A,Tyrosine Metabolism,http://www.genenames.org/cgi-bin/gene_symbol_report?match=MAOA,TSS200,chrX:43515325-43515681,Island,,
cg20121427,MAOA,MGP001867,4128,monoamine oxidase A,Tyrosine Metabolism,http://www.genenames.org/cgi-bin/gene_symbol_report?match=MAOA,TSS1500,chrX:43514030-43514793,Island,,
cg22366618,MAOA,MGP001867,4128,monoamine oxidase A,Tyrosine Metabolism,http://www.genenames.org/cgi-bin/gene_symbol_report?match=MAOA,TSS200,chrX:43515325-43515681,Island,,
cg26741576,MAOA,MGP001867,4128,monoamine oxidase A,Tyrosine Metabolism,http://www.genenames.org/cgi-bin/gene_symbol_report?match=MAOA,TSS1500,chrX:43514030-43514793,N_Shore,,
cg04243127,OTC,MGP002176,5009,ornithine carbamoyltransferase,Urea Cycle,http://www.genenames.org/cgi-bin/gene_symbol_report?match=OTC,TSS1500,,,,
cg10537079,OTC,MGP002176,5009,ornithine carbamoyltransferase,Urea Cycle,http://www.genenames.org/cgi-bin/gene_symbol_report?match=OTC,TSS200,,,,
cg12497728,OTC,MGP002176,5009,ornithine carbamoyltransferase,Urea Cycle,http://www.genenames.org/cgi-bin/gene_symbol_report?match=OTC,Body,,,,
cg13195463,OTC,MGP002176,5009,ornithine carbamoyltransferase,Urea Cycle,http://www.genenames.org/cgi-bin/gene_symbol_report?match=OTC,Body,,,,
cg23140159,OTC,MGP002176,5009,ornithine carbamoyltransferase,Urea Cycle,http://www.genenames.org/cgi-bin/gene_symbol_report?match=OTC,3'UTR,,,,
cg27050343,OTC,MGP002176,5009,ornithine carbamoyltransferase,Urea Cycle,http://www.genenames.org/cgi-bin/gene_symbol_report?match=OTC,TSS200,,,,
cg03658985,AVPR2,MGP000282,554,arginine vasopressin receptor 2,Vasopressin Regulation of Water Homeostasis,http://www.genenames.org/cgi-bin/gene_symbol_report?match=AVPR2,TSS200,,,X:153167757-153167908,Unclassified_Cell_type_specific
cg07874445,AVPR2,MGP000282,554,arginine vasopressin receptor 2,Vasopressin Regulation of Water Homeostasis,http://www.genenames.org/cgi-bin/gene_symbol_report?match=AVPR2,TSS1500,,,X:153166176-153166830,Unclassified
cg13423140,AVPR2,MGP000282,554,arginine vasopressin receptor 2,Vasopressin Regulation of Water Homeostasis,http://www.genenames.org/cgi-bin/gene_symbol_report?match=AVPR2,TSS200,,,X:153167757-153167908,Unclassified_Cell_type_specific
cg15067665,AVPR2,MGP000282,554,arginine vasopressin receptor 2,Vasopressin Regulation of Water Homeostasis,http://www.genenames.org/cgi-bin/gene_symbol_report?match=AVPR2,TSS1500,,,X:153166176-153166830,Unclassified
cg15688151,AVPR2,MGP000282,554,arginine vasopressin receptor 2,Vasopressin Regulation of Water Homeostasis,http://www.genenames.org/cgi-bin/gene_symbol_report?match=AVPR2,TSS200,,,X:153167757-153167908,Unclassified_Cell_type_specific
cg19784262,AVPR2,MGP000282,554,arginine vasopressin receptor 2,Vasopressin Regulation of Water Homeostasis,http://www.genenames.org/cgi-bin/gene_symbol_report?match=AVPR2,TSS1500,,,X:153166176-153166830,Unclassified
cg00909097,PDHA1,MGP002228,5160,pyruvate dehydrogenase (lipoamide) alpha 1,Warburg Effect,http://www.genenames.org/cgi-bin/gene_symbol_report?match=PDHA1,Body,chrX:19361726-19362479,S_Shelf,,
cg03575468,PDHA1,MGP002228,5160,pyruvate dehydrogenase (lipoamide) alpha 1,Warburg Effect,http://www.genenames.org/cgi-bin/gene_symbol_report?match=PDHA1,Body,chrX:19361726-19362479,S_Shore,X:19361287-19362667,Promoter_Associated
cg11727174,PDHA1,MGP002228,5160,pyruvate dehydrogenase (lipoamide) alpha 1,Warburg Effect,http://www.genenames.org/cgi-bin/gene_symbol_report?match=PDHA1,Body,chrX:19361726-19362479,Island,X:19361287-19362667,Promoter_Associated
cg12175122,PDHA1,MGP002228,5160,pyruvate dehydrogenase (lipoamide) alpha 1,Warburg Effect,http://www.genenames.org/cgi-bin/gene_symbol_report?match=PDHA1,TSS200,chrX:19361726-19362479,Island,X:19361287-19362667,Promoter_Associated
cg13658777,PDHA1,MGP002228,5160,pyruvate dehydrogenase (lipoamide) alpha 1,Warburg Effect,http://www.genenames.org/cgi-bin/gene_symbol_report?match=PDHA1,TSS1500,chrX:19361726-19362479,Island,X:19361287-19362667,Promoter_Associated
cg21799736,PDHA1,MGP002228,5160,pyruvate dehydrogenase (lipoamide) alpha 1,Warburg Effect,http://www.genenames.org/cgi-bin/gene_symbol_report?match=PDHA1,TSS1500,chrX:19361726-19362479,N_Shore,X:19361287-19362667,Promoter_Associated
cg23242236,PDHA1,MGP002228,5160,pyruvate dehydrogenase (lipoamide) alpha 1,Warburg Effect,http://www.genenames.org/cgi-bin/gene_symbol_report?match=PDHA1,Body,chrX:19361726-19362479,S_Shore,X:19361287-19362667,Promoter_Associated
cg25493146,PDHA1,MGP002228,5160,pyruvate dehydrogenase (lipoamide) alpha 1,Warburg Effect,http://www.genenames.org/cgi-bin/gene_symbol_report?match=PDHA1,TSS1500,chrX:19361726-19362479,N_Shore,,
cg27058480,PDHA1,MGP002228,5160,pyruvate dehydrogenase (lipoamide) alpha 1,Warburg Effect,http://www.genenames.org/cgi-bin/gene_symbol_report?match=PDHA1,TSS1500,chrX:19361726-19362479,Island,X:19361287-19362667,Promoter_Associated
cg00151234,PGK1,MGP002264,5230,phosphoglycerate kinase 1,Warburg Effect,http://www.genenames.org/cgi-bin/gene_symbol_report?match=PGK1,TSS1500,chrX:77359303-77359979,Island,X:77359057-77359965,Promoter_Associated
cg00832270,PGK1,MGP002264,5230,phosphoglycerate kinase 1,Warburg Effect,http://www.genenames.org/cgi-bin/gene_symbol_report?match=PGK1,TSS200,chrX:77359303-77359979,Island,X:77359057-77359965,Promoter_Associated
cg00855706,PGK1,MGP002264,5230,phosphoglycerate kinase 1,Warburg Effect,http://www.genenames.org/cgi-bin/gene_symbol_report?match=PGK1,TSS1500,chrX:77359303-77359979,N_Shore,,
cg07781082,PGK1,MGP002264,5230,phosphoglycerate kinase 1,Warburg Effect,http://www.genenames.org/cgi-bin/gene_symbol_report?match=PGK1,TSS200,chrX:77359303-77359979,Island,X:77359057-77359965,Promoter_Associated
cg08955859,PGK1,MGP002264,5230,phosphoglycerate kinase 1,Warburg Effect,http://www.genenames.org/cgi-bin/gene_symbol_report?match=PGK1,Body,chrX:77359303-77359979,S_Shore,X:77360384-77360561,Promoter_Associated
cg09790289,PGK1,MGP002264,5230,phosphoglycerate kinase 1,Warburg Effect,http://www.genenames.org/cgi-bin/gene_symbol_report?match=PGK1,TSS200,chrX:77359303-77359979,Island,X:77359057-77359965,Promoter_Associated
cg10560144,PGK1,MGP002264,5230,phosphoglycerate kinase 1,Warburg Effect,http://www.genenames.org/cgi-bin/gene_symbol_report?match=PGK1,TSS1500,chrX:77359303-77359979,Island,X:77359057-77359965,Promoter_Associated
cg11887015,PGK1,MGP002264,5230,phosphoglycerate kinase 1,Warburg Effect,http://www.genenames.org/cgi-bin/gene_symbol_report?match=PGK1,TSS1500,chrX:77359303-77359979,N_Shore,X:77359057-77359965,Promoter_Associated
cg13203541,PGK1,MGP002264,5230,phosphoglycerate kinase 1,Warburg Effect,http://www.genenames.org/cgi-bin/gene_symbol_report?match=PGK1,TSS1500,chrX:77359303-77359979,Island,X:77359057-77359965,Promoter_Associated
cg14794494,PGK1,MGP002264,5230,phosphoglycerate kinase 1,Warburg Effect,http://www.genenames.org/cgi-bin/gene_symbol_report?match=PGK1,TSS200,chrX:77359303-77359979,Island,X:77359057-77359965,Promoter_Associated
cg15418221,PGK1,MGP002264,5230,phosphoglycerate kinase 1,Warburg Effect,http://www.genenames.org/cgi-bin/gene_symbol_report?match=PGK1,TSS200,chrX:77359303-77359979,Island,X:77359057-77359965,Promoter_Associated
cg16181613,PGK1,MGP002264,5230,phosphoglycerate kinase 1,Warburg Effect,http://www.genenames.org/cgi-bin/gene_symbol_report?match=PGK1,1stExon,chrX:77359303-77359979,Island,X:77359057-77359965,Promoter_Associated
cg18989233,PGK1,MGP002264,5230,phosphoglycerate kinase 1,Warburg Effect,http://www.genenames.org/cgi-bin/gene_symbol_report?match=PGK1,3'UTR,,,,
cg20203466,PGK1,MGP002264,5230,phosphoglycerate kinase 1,Warburg Effect,http://www.genenames.org/cgi-bin/gene_symbol_report?match=PGK1,Body,chrX:77359303-77359979,Island,X:77359057-77359965,Promoter_Associated
cg26744454,PGK1,MGP002264,5230,phosphoglycerate kinase 1,Warburg Effect,http://www.genenames.org/cgi-bin/gene_symbol_report?match=PGK1,TSS200,chrX:77359303-77359979,Island,X:77359057-77359965,Promoter_Associated
